Game,Time,GrSubject,BR1,BR2,BR3,twdbr1,twdbr2,twdbr3
27,2,1,97.86667,16.566668,0.5666674,1,0,0
27,2,2,24.566668,89.86667,0.5666674,1,1,1
27,2,3,24.566668,16.566668,73.86667,1,1,1
27,3,1,103.0,21.125,-9.125,0,0,1
27,3,2,23.639427,84.221146,7.139427,0,0,0
27,3,3,10.415,24.165,80.42,0,0,1
27,4,1,103.35,16.2625,-4.6125,0,1,0
27,4,2,15.89375,101.775,-2.66875,0,0,0
27,4,3,10.30875,23.49625,81.195,1,1,1
27,5,1,98.3725,7.0325,9.595,0,1,0
27,5,2,-3.309533,98.00969,20.29984,1,1,0
27,5,3,6.990199,22.599575,85.410225,0,0,0
27,6,1,91.70937,18.145313,5.1453123,0,0,1
27,6,2,-7.462734,99.96844,22.494297,1,1,1
27,6,3,-11.98086,33.694923,93.285934,0,0,1
27,7,1,90.24623,25.583427,-0.82965803,1,1,1
27,7,2,-13.975328,113.79832,15.177015,0,0,0
27,7,3,-21.52037,47.718887,88.80148,0,1,1
27,8,1,91.38086,17.6167,6.0024414,0,0,0
27,8,2,9.525992,100.14894,5.3250647,1,0,1
27,8,3,3.0442011,30.435558,81.52024,0,0,0
27,9,1,96.69521,16.851429,1.453357,1,1,1
27,9,2,-7.480572,108.01687,14.463702,1,1,0
27,9,3,-1.6904627,25.66287,91.027596,1,1,1
27,10,1,93.188805,11.58173,10.2294655,1,1,0
27,10,2,-9.029356,105.99549,18.033861,1,1,0
27,10,3,-5.865889,27.5441,93.32179,0,0,1
27,11,1,68.854546,23.108992,23.036463,1,1,0
27,11,2,-10.077021,103.15377,21.923246,1,1,0
27,11,3,-7.954197,24.649673,98.30453,1,0,1
27,12,1,91.50262,11.8241415,11.673241,1,0,1
27,12,2,-7.856662,97.08049,25.776173,1,1,0
27,12,3,-9.46297,24.05523,100.40774,1,0,1
27,13,1,91.855515,11.557912,11.586571,1,1,0
27,13,2,-11.723638,104.60545,22.118187,1,1,0
27,13,3,-9.332483,24.613451,99.71903,1,0,1
27,14,1,91.81388,11.606074,11.580047,1,0,1
27,14,2,-11.817506,104.641365,22.176144,1,1,0
27,14,3,-9.3790245,24.574266,99.804756,1,0,1
27,15,1,91.79347,11.598221,11.60831,1,1,0
27,15,2,-8.645666,98.30952,25.33615,0,1,1
27,15,3,-9.410554,24.594364,99.81619,0,0,0
27,16,1,65.952644,29.277578,19.76978,1,0,1
27,16,2,-6.2332325,102.96474,18.268496,0,1,1
27,16,3,-10.650676,23.342257,102.30842,0,1,1
27,17,1,93.98632,16.443495,4.5701876,1,0,1
27,17,2,-2.5971947,98.073616,19.523582,0,1,1
27,17,3,-7.692709,26.309673,96.38303,0,0,1
27,18,1,73.1643,27.74699,14.08871,1,0,1
27,18,2,-3.9552667,102.56615,16.389122,0,1,1
27,18,3,-0.3460276,33.652493,81.693535,0,0,1
27,19,1,94.10239,17.647839,3.2497725,0,0,1
27,19,2,-7.04153,109.48254,12.558997,0,1,1
27,19,3,-5.955639,28.045029,92.910614,0,0,0
27,20,1,84.09841,23.104372,7.797219,1,0,1
27,20,2,-3.7640057,103.19192,15.572092,0,1,1
27,20,3,-0.33590913,34.306305,81.0296,1,0,1
27,21,1,94.23318,18.183168,2.5836515,1,0,1
27,21,2,-7.1803827,110.21063,11.969749,1,1,1
27,21,3,-6.1222534,28.627914,92.49434,0,0,1
27,22,1,94.24659,18.290098,2.4633107,1,0,1
27,22,2,-5.874375,107.66473,13.20965,0,1,1
27,22,3,-2.4922068,32.418346,85.07386,1,0,1
27,23,1,94.24329,18.328293,2.428413,1,0,1
27,23,2,-7.187596,110.33766,11.849937,1,1,1
27,23,3,-22.723558,12.213983,125.509575,0,0,1
27,24,1,94.26165,18.347525,2.3908277,1,0,1
27,24,2,-8.08978,112.158554,10.931226,0,1,1
27,24,3,-7.1998706,27.777767,94.422104,1,0,1
27,25,1,70.038704,30.468134,14.493164,1,0,1
27,25,2,-4.6733294,105.33727,14.336054,1,1,1
27,25,3,-2.9265842,32.0578,85.86878,0,0,1
27,26,1,94.118225,18.687428,2.1943476,1,0,1
27,26,2,-7.1912293,110.377205,11.814022,0,0,0
27,26,3,-1.1176888,34.380627,81.73706,1,0,1
27,27,1,80.28673,25.478508,9.234765,0,0,0
27,27,2,0.9529869,94.716125,19.330889,0,1,1
27,27,3,1.1878128,35.809467,78.00272,0,1,1
27,28,1,94.192,18.137524,2.670476,1,1,0
27,28,2,-7.3143616,110.22119,12.093173,1,1,0
27,28,3,-2.909765,31.964813,85.944954,1,0,1
27,29,1,94.0827,18.06744,2.8498566,1,1,1
27,29,2,-7.4125624,110.1373,12.275265,1,1,0
27,29,3,-5.5574737,29.34794,91.20953,1,0,1
27,30,1,95.09182,17.512472,2.395711,1,1,0
27,30,2,-7.055229,109.9385,12.116728,0,1,1
27,30,3,0.777436,35.066154,79.15641,0,1,0
27,31,1,94.2503,18.179453,2.5702453,1,0,1
27,31,2,-6.7200966,109.97723,11.742874,0,1,1
27,31,3,-6.762291,27.309889,94.4524,0,1,1
27,32,1,94.33515,18.22202,2.4428294,1,0,1
27,32,2,0.7486456,95.258514,18.992838,0,1,1
27,32,3,-6.201876,27.821507,93.38037,0,0,1
27,33,1,94.34757,18.277363,2.3750613,1,0,1
27,33,2,-3.9180837,104.72042,14.197659,0,1,1
27,33,3,0.41155002,34.429596,80.15885,0,0,1
27,34,1,94.35379,18.295506,2.3507073,1,0,1
27,34,2,1.0969944,94.744965,19.158043,0,1,1
27,34,3,-6.570897,27.434948,94.13595,0,0,1
27,35,1,94.34689,18.31434,2.3387654,1,0,1
27,35,2,-1.0919688,99.155,16.936968,0,1,1
27,35,3,-6.556243,27.448269,94.10797,0,0,1
27,36,1,122.01834,4.4839296,-11.50227,1,0,1
27,36,2,-7.0492096,111.08316,10.966052,0,1,1
27,36,3,-6.5477242,27.453737,94.09399,0,0,1
27,37,1,89.45222,20.770836,4.7769427,1,0,1
27,37,2,-6.5501204,110.09301,11.457114,0,1,0
27,37,3,0.04436065,34.04549,80.91015,0,0,1
28,2,1,108.14,-6.32,13.18,1,0,0
28,2,2,13.494711,89.01058,12.494711,1,1,1
28,2,3,18.23,-2.27,99.04,0,0,1
28,3,1,104.03934,4.8553295,6.1053295,1,0,1
28,3,2,15.082076,85.335846,14.582076,1,1,1
28,3,3,11.305,9.555,94.14,1,0,0
28,4,1,79.21489,21.892555,13.892555,1,0,1
28,4,2,8.905,98.44,7.655,1,1,1
28,4,3,19.484552,26.234552,69.28089,1,0,1
28,5,1,99.839455,13.455273,1.7052729,0,0,1
28,5,2,9.76375,100.285,4.95125,0,1,1
28,5,3,9.72875,16.66625,88.605,1,1,1
28,6,1,99.7825,13.2025,2.015,1,1,1
28,6,2,9.387004,98.929115,6.6838784,1,1,0
28,6,3,-3.4242787,5.0600963,113.36418,1,1,1
28,7,1,96.97063,8.538125,9.49125,1,1,0
28,7,2,10.005859,95.66406,9.330078,0,0,0
28,7,3,15.831797,14.20289,84.96531,0,1,1
28,8,1,97.18765,1.6620313,16.150312,0,1,0
28,8,2,10.343965,90.73102,13.925019,0,1,0
28,8,3,17.31171,6.404484,91.283806,0,0,0
28,9,1,100.7885,6.2018213,8.009683,1,0,1
28,9,2,25.791111,70.022514,19.186375,1,1,1
28,9,3,18.519005,7.9779897,88.503006,1,0,1
28,10,1,84.53487,18.490532,11.974602,1,0,1
28,10,2,22.113146,81.95699,10.929857,0,0,0
28,10,3,18.23231,14.629161,82.13853,0,0,0
28,11,1,102.63678,11.441627,0.9215921,1,0,1
28,11,2,19.69058,95.77361,-0.46418977,0,0,1
28,11,3,20.318615,10.151775,84.52961,0,1,1
28,12,1,78.609955,20.193514,16.196531,1,1,0
28,12,2,20.099157,94.223404,0.6774395,1,1,1
28,12,3,23.73064,8.571957,82.6974,1,1,1
28,13,1,101.9898,5.16298,7.8472214,1,1,0
28,13,2,19.119137,85.675644,10.20522,1,0,0
28,13,3,22.035917,10.304732,82.65935,1,0,1
28,14,1,96.99858,4.5235505,13.477867,0,1,0
28,14,2,15.482012,90.047714,9.470276,0,1,0
28,14,3,22.10235,7.2028112,85.69484,0,1,1
28,15,1,100.81327,2.2201612,11.966567,1,1,1
28,15,2,14.774689,89.18693,11.0383835,1,1,0
28,15,3,21.473629,6.506571,87.0198,0,0,0
28,16,1,99.76832,3.961997,11.269685,0,0,0
28,16,2,17.209215,88.636734,9.154053,1,1,1
28,16,3,21.542864,6.922186,86.53495,0,0,0
28,17,1,95.18474,9.086944,10.728322,1,0,1
28,17,2,16.193283,88.19168,10.615035,0,0,0
28,17,3,26.429855,18.839144,69.731,0,0,0
28,18,1,93.18394,14.406474,7.4095902,0,0,1
28,18,2,17.519396,98.69854,-1.2179378,0,1,0
28,18,3,22.395351,10.840445,81.764206,0,0,0
28,19,1,103.45342,13.651206,-2.104629,1,0,1
28,19,2,25.121967,95.26901,-5.3909793,0,1,0
28,19,3,19.556387,11.286047,84.15756,1,1,1
28,20,1,95.574,7.5014887,11.924512,0,1,0
28,20,2,16.609646,93.037254,5.3531017,0,1,0
28,20,3,19.35428,12.898678,82.74704,1,0,1
28,21,1,101.20656,4.9120526,8.881392,1,1,1
28,21,2,9.779416,92.19931,13.021271,0,0,0
28,21,3,16.417568,13.917251,84.665184,1,0,1
28,22,1,99.33077,-1.133156,16.802387,0,1,0
28,22,2,15.313958,90.75483,8.931213,0,1,1
28,22,3,28.342327,4.910455,81.747215,1,1,1
28,23,1,102.972694,-3.242487,15.269794,0,1,0
28,23,2,15.985188,87.40371,11.611106,1,1,1
28,23,3,23.962986,0.6334136,90.4036,1,0,1
28,24,1,100.28817,4.6114774,10.100349,1,0,1
28,24,2,15.709198,87.41093,11.879875,1,1,1
28,24,3,18.050495,8.953903,87.995605,1,0,1
28,25,1,94.34088,24.29615,-3.637032,0,1,1
28,25,2,18.1596,89.33273,7.5076694,1,0,1
28,25,3,12.818799,29.98925,72.19195,0,1,1
28,26,1,94.34088,24.29615,-3.637032,1,1,1
28,26,2,15.38787,94.981705,4.6304264,1,0,0
28,26,3,12.176543,45.952507,56.87095,1,1,1
28,27,1,66.62282,45.76425,2.6129308,1,1,0
28,27,2,16.31194,99.66543,-0.97736526,1,0,0
28,27,3,10.216391,31.242355,73.54125,0,1,1
28,28,1,91.85832,29.67775,-6.536072,1,1,1
28,28,2,10.879992,101.771355,2.3486521,1,1,0
28,28,3,2.269589,39.10009,73.630325,0,1,0
28,29,1,92.14059,39.012184,-16.152773,1,1,1
28,29,2,38.142433,94.81096,-17.953396,1,1,0
28,29,3,24.47615,21.322277,69.20157,1,1,1
28,30,1,105.195145,2.895171,6.909682,0,1,1
28,30,2,18.307625,96.71446,-0.022083744,1,1,0
28,30,3,32.51116,11.278444,71.210396,1,1,1
28,31,1,100.51878,-3.9972699,18.478483,0,1,0
28,31,2,14.280469,86.243614,14.475917,1,0,0
28,31,3,31.510738,8.674685,74.814575,1,1,1
28,32,1,101.719696,-1.8637862,15.14409,1,0,1
28,32,2,16.972588,86.3949,11.632512,1,1,1
28,32,3,27.371206,5.30113,82.32767,1,1,1
28,33,1,95.57492,22.246288,-2.821212,1,1,1
28,33,2,17.098288,87.31898,10.582737,1,0,1
28,33,3,7.890444,26.303455,80.8061,1,1,0
28,34,1,92.19647,29.745901,-6.94237,1,1,0
28,34,2,33.137325,81.13897,0.72370416,1,0,0
28,34,3,27.295662,32.227516,55.47682,1,1,0
28,35,1,92.99589,26.536047,-4.5319366,1,1,1
28,35,2,18.607552,88.724,7.6684465,1,0,1
28,35,3,3.8443885,37.18144,73.974174,1,1,1
28,36,1,90.69849,28.235397,-3.933884,1,1,1
28,36,2,27.642624,92.897484,-5.5401087,1,0,0
28,36,3,25.146997,20.328974,69.52403,1,1,1
28,37,1,94.00095,25.564781,-4.565732,1,1,1
28,37,2,18.201227,95.34437,1.4544015,1,1,0
28,37,3,5.87901,35.08631,74.034676,1,1,0
28,38,1,92.78064,23.228945,-1.0095863,1,1,0
28,38,2,13.284855,99.911095,1.8040521,0,1,0
28,38,3,17.287704,22.133627,75.57867,1,1,1
28,39,1,83.87646,22.010864,9.112678,1,1,1
28,39,2,14.927519,95.99312,4.079366,1,0,0
28,39,3,17.657198,21.030125,76.312675,1,1,1
28,40,1,96.04239,12.531442,6.426172,1,1,0
28,40,2,15.263436,92.40444,7.332121,0,0,0
28,40,3,21.751806,19.264315,73.98388,0,0,1
28,41,1,96.28081,10.172627,8.546567,1,1,0
28,41,2,14.846092,91.5409,8.613007,1,1,1
28,41,3,20.45411,13.247598,81.298294,0,0,1
28,42,1,92.82992,24.810791,-2.6407118,0,1,1
28,42,2,14.778889,90.930504,9.290605,1,0,1
28,42,3,9.658524,27.631767,77.70971,0,1,1
28,43,1,92.82992,24.810791,-2.6407118,1,1,1
28,43,2,22.70135,75.91695,16.381706,1,0,1
28,43,3,5.0515504,35.106155,74.84229,0,1,1
28,44,1,92.82992,24.810791,-2.6407118,1,0,0
28,44,2,18.113575,92.59249,4.2939305,1,1,0
28,44,3,9.391551,31.946156,73.66229,0,1,1
28,45,1,94.640785,21.10368,-0.7444635,0,1,0
28,45,2,18.113575,92.59249,4.2939305,0,0,0
28,45,3,25.836172,38.994137,50.16969,0,1,1
28,46,1,94.60916,23.317621,-2.9267812,1,0,1
28,46,2,17.325298,95.64695,2.0277545,0,1,0
28,46,3,15.560008,23.942133,75.497856,0,1,1
28,47,1,94.98124,22.159601,-2.1408412,1,1,1
28,47,2,19.424986,95.6156,-0.040583722,0,1,0
28,47,3,16.915894,23.772083,74.31203,1,1,1
28,48,1,81.06579,23.301584,10.632626,0,1,1
28,48,2,18.233908,90.39325,6.3728447,1,1,1
28,48,3,19.209879,21.830078,73.960045,1,1,0
28,49,1,93.57957,17.770374,3.650058,0,0,0
28,49,2,17.558384,89.895424,7.5461946,1,1,0
28,49,3,18.346508,21.548481,75.10501,0,1,1
28,50,1,92.524,22.192047,0.2839489,1,0,1
28,50,2,25.8555,71.41403,17.73047,1,0,1
28,50,3,13.143358,27.67039,74.18626,0,1,0
28,51,1,92.524,22.192047,0.2839489,1,1,1
28,51,2,25.718687,75.1346,14.146712,1,0,1
28,51,3,16.63238,31.606358,66.76126,1,1,1
28,52,1,91.74089,24.502825,-1.2437177,0,1,0
28,52,2,20.789772,94.653984,-0.44375828,1,0,0
28,52,3,20.34294,23.316917,71.34014,1,1,1
28,53,1,92.6609,22.917824,-0.57871765,1,1,1
28,53,2,25.805616,89.33191,-0.13752522,1,1,0
28,53,3,20.053524,23.987112,70.959366,0,0,0
28,54,1,96.05522,12.83198,6.1127973,0,1,1
28,54,2,22.057901,90.02493,2.9171631,0,1,0
28,54,3,28.975904,13.364254,72.65984,1,1,1
28,55,1,101.95772,13.437577,-0.39529556,0,0,1
28,55,2,29.108236,87.866234,-1.974471,1,1,1
28,55,3,38.604443,19.548454,56.847103,1,0,0
28,56,1,97.81282,25.527472,-8.340293,1,1,1
28,56,2,32.027725,83.05568,-0.08340667,1,1,1
28,56,3,21.652334,22.589876,70.75779,1,0,1
28,57,1,97.1732,-5.7055187,23.532314,0,1,1
28,57,2,14.812604,88.357346,11.830049,1,1,0
28,57,3,36.480698,4.6698556,73.84945,1,1,0
28,58,1,93.363304,-7.0351863,28.671885,1,1,1
28,58,2,3.7344577,81.92434,29.341206,1,1,1
28,58,3,20.316368,10.0112705,84.67236,1,1,0
28,59,1,90.277954,-0.44117516,25.163221,0,1,0
28,59,2,5.1760006,84.92394,24.900059,0,0,0
28,59,3,9.3717165,14.346635,91.28165,0,1,0
28,60,1,-67.7283,191.04729,-8.318986,0,1,1
28,60,2,8.116795,63.568024,43.31518,1,1,1
28,60,3,-100.172844,147.35707,67.81577,0,1,0
28,61,1,91.173775,-13.33804,37.16427,1,1,1
28,61,2,4.0051665,84.12339,26.87144,1,1,1
28,61,3,11.797526,23.52814,79.67433,0,1,0
28,62,1,90.367714,-0.14349802,24.775782,1,1,1
28,62,2,8.250279,82.57658,24.173145,1,1,1
28,62,3,18.29665,11.387642,85.31571,1,1,0
28,63,1,80.40507,-24.294249,58.88918,1,0,1
28,63,2,11.428915,81.86506,21.706024,0,1,1
28,63,3,45.513226,-15.985878,85.47266,1,0,0
28,64,1,97.79314,-32.282562,49.489426,0,0,1
28,64,2,3.2585893,79.388245,32.35317,1,1,1
28,64,3,34.620575,-18.607439,98.98687,1,0,0
28,65,1,92.78187,-20.129112,42.347244,1,1,1
28,65,2,2.7585893,79.388245,32.85317,1,1,1
28,65,3,31.99279,7.969145,75.03806,1,1,0
28,66,1,107.66556,-9.695957,17.030397,0,1,1
28,66,2,5.7517443,73.33013,35.91812,1,1,1
28,66,3,10.7799635,13.934519,90.285515,0,1,0
28,67,1,98.397766,-44.446037,61.048267,1,0,0
28,67,2,0.16626161,82.1886,32.64514,1,1,1
28,67,3,36.064102,-19.325893,98.261795,1,0,0
28,68,1,94.874016,-31.723225,51.849205,1,1,1
28,68,2,2.6027105,83.2,29.19729,1,1,1
28,68,3,22.370794,-4.0567756,96.68598,1,1,0
28,69,1,-219.94594,492.0473,-157.10135,0,0,0
28,69,2,-5.0772166,83.55985,36.517365,1,1,1
28,69,3,-192.89865,495.4527,-187.55406,0,1,0
28,70,1,89.911865,-2.256612,27.344744,1,1,1
28,70,2,47.95271,-147.55406,214.60135,0,0,1
28,70,3,16.006355,-106.94636,205.94,1,1,0
28,71,1,93.75297,-34.482903,55.729935,1,1,1
28,71,2,-1.407501,108.34034,8.067161,1,0,1
28,71,3,-22.629467,26.632357,110.99711,0,1,1
28,72,1,108.24597,-40.45766,47.211685,0,0,0
28,72,2,56.67568,-50.0,72.699326,0,0,1
28,72,3,26.393316,-6.9373407,95.54402,0,1,0
28,73,1,109.68529,-41.995937,47.310654,0,0,1
28,73,2,14.998178,89.48,10.521822,0,1,1
28,73,3,23.403206,18.209795,73.387,0,1,0
28,74,1,110.09047,-39.63603,44.54556,1,0,0
28,74,2,10.498178,89.48,15.021822,0,1,0
28,74,3,19.65944,13.841028,81.499535,0,1,0
28,75,1,110.09047,-39.63603,44.54556,1,0,0
28,75,2,9.18623,93.31378,12.499991,0,1,0
28,75,3,19.839556,14.021145,81.1393,1,1,1
28,76,1,99.36082,4.276834,11.362348,0,1,1
28,76,2,18.398714,95.20785,1.3934346,0,1,0
28,76,3,20.84944,13.531028,80.61953,1,1,1
28,77,1,98.72262,1.9334346,14.343948,1,1,0
28,77,2,6.8197823,96.46866,11.711558,0,1,0
28,77,3,18.192524,8.552056,88.25542,0,0,1
28,78,1,98.72262,1.9334346,14.343948,1,1,1
28,78,2,11.701256,89.124466,14.174281,0,1,0
28,78,3,15.754792,1.0330749,98.212135,0,1,1
28,79,1,99.61096,0.5263479,14.862688,1,1,0
28,79,2,17.042662,80.967476,16.98986,1,1,0
28,79,3,23.694403,8.222685,83.08291,0,1,1
28,80,1,98.66774,1.851265,14.480994,1,1,1
28,80,2,13.857408,87.79403,13.348563,1,1,1
28,80,3,19.609528,7.0122423,88.37823,1,0,1
28,81,1,97.74693,4.490477,12.762588,0,0,0
28,81,2,16.78919,87.413506,10.797302,0,1,0
28,81,3,30.68948,16.154837,68.155685,1,1,0
28,82,1,87.51107,9.516241,17.97269,1,1,1
28,82,2,15.436129,88.24338,11.320495,0,1,0
28,82,3,26.828796,17.133558,71.03764,0,1,1
28,83,1,87.51107,9.516241,17.97269,0,0,0
28,83,2,16.287,87.995544,10.717453,0,0,0
28,83,3,20.257563,9.01624,85.7262,0,0,1
28,84,1,102.889435,-0.9153547,13.025919,1,1,1
28,84,2,15.989501,88.065544,10.944953,1,1,1
28,84,3,23.632475,4.9009757,86.46655,1,1,1
28,85,1,97.95197,1.5631431,15.48488,1,1,1
28,85,2,21.385586,84.676384,8.938028,0,0,0
28,85,3,38.59647,12.100014,64.30352,1,0,0
28,86,1,102.588,-8.675109,21.087116,1,1,1
28,86,2,23.86729,83.909096,7.223612,1,1,1
28,86,3,38.399708,-7.9426165,84.54291,1,1,1
28,87,1,100.447,1.6891702,12.8638315,1,1,1
28,87,2,20.668001,88.30902,6.022976,1,1,1
28,87,3,29.985374,4.1338983,80.88073,0,1,1
28,88,1,98.75681,11.6594305,4.5837555,1,1,1
28,88,2,25.79199,83.45794,5.750074,0,0,0
28,88,3,27.883066,25.178144,61.93879,1,1,0
28,89,1,79.22445,57.1799,-21.404348,1,1,1
28,89,2,14.310263,85.07462,15.615114,1,1,1
28,89,3,-10.292841,64.4656,60.827244,0,1,0
28,90,1,86.49379,5.876885,22.629328,1,1,1
28,90,2,18.930979,92.960335,3.1086855,1,1,0
28,90,3,29.44598,38.168255,47.385765,1,1,1
28,91,1,115.5519,5.6762276,-6.2281284,1,0,1
28,91,2,9.773118,90.135086,15.091798,0,0,0
28,91,3,12.535273,17.673374,84.79135,0,0,1
28,92,1,93.940475,12.230211,8.829312,1,1,1
28,92,2,20.329418,91.18668,3.4838974,1,1,1
28,92,3,22.118832,12.92459,79.95658,0,1,1
28,93,1,93.58994,-3.338561,24.74862,1,1,1
28,93,2,9.046057,83.55667,22.397272,1,0,1
28,93,3,27.718973,10.857818,76.42321,1,1,0
28,94,1,91.298485,-8.967425,32.668938,1,0,1
28,94,2,6.598027,82.08071,26.321262,1,1,1
28,94,3,34.507423,9.823432,70.66914,1,1,0
28,95,1,65.89957,15.310534,33.7899,1,1,0
28,95,2,-2.4123845,75.71424,41.698147,0,0,1
28,95,3,6.0208516,25.29257,83.68658,1,1,0
28,96,1,65.89957,15.310534,33.7899,1,1,1
28,96,2,-23.224043,87.87681,50.347237,0,0,1
28,96,3,-15.3394375,44.97153,85.367905,1,1,1
28,97,1,112.694534,18.751198,-16.445736,1,1,1
28,97,2,13.559108,92.4842,8.956692,1,1,1
28,97,3,25.170685,26.231651,63.597664,1,0,0
28,98,1,90.57715,25.350597,-0.9277478,1,1,1
28,98,2,25.552399,81.916695,7.530907,0,1,1
28,98,3,25.140343,18.53897,71.32069,1,1,1
28,99,1,91.068565,7.768231,16.1632,1,1,1
28,99,2,11.479208,85.26151,18.25928,0,0,1
28,99,3,19.287933,25.102148,70.60992,1,1,1
28,100,1,98.21695,11.370987,5.4120607,1,1,1
28,100,2,5.258663,85.93038,23.810959,1,1,1
28,100,3,15.185428,23.581312,76.23326,1,1,1
29,2,1,103.27002,18.364988,-6.6350107,1,0,0
29,2,2,1.0,85.226006,0.0,1,1,1
29,2,3,-2.4273462,21.572653,95.85469,1,1,1
29,3,1,81.79604,8.351976,24.851976,1,0,1
29,3,2,-17.73827,99.97654,32.76173,0,1,1
29,3,3,-6.96,29.54,92.42,0,0,0
29,4,1,77.395966,-7.822981,45.427017,1,1,0
29,4,2,-14.026011,76.427025,52.598988,0,0,1
29,4,3,-8.913988,17.961012,105.95297,1,1,0
29,5,1,90.01,-20.59875,45.58875,0,1,0
29,5,2,-24.504375,86.2275,53.276875,1,1,0
29,5,3,-2.863125,1.980625,115.8825,1,1,1
29,6,1,79.04941,-19.266891,55.217484,1,1,0
29,6,2,-24.044844,83.83188,55.212967,1,1,1
29,6,3,-4.9616046,3.1868331,116.77477,1,1,1
29,7,1,86.23171,-9.504528,38.272816,0,0,1
29,7,2,-23.318087,83.22797,55.09012,0,1,0
29,7,3,-7.85715,21.08621,101.77094,1,1,0
29,8,1,93.020584,-10.2996,32.279015,1,0,1
29,8,2,-29.258774,89.08737,55.171402,0,0,1
29,8,3,-20.255741,22.864376,112.391365,0,0,0
29,9,1,97.36997,-14.974292,32.60432,1,1,0
29,9,2,-27.008694,92.68719,49.321507,1,1,0
29,9,3,-15.03094,20.088568,109.942375,1,1,1
29,10,1,91.60485,-4.3287635,27.72391,1,0,1
29,10,2,-22.867043,89.809555,48.057487,0,1,1
29,10,3,-15.4884615,20.199434,110.289024,1,0,1
29,11,1,91.32621,-3.0676858,26.741472,1,0,1
29,11,2,-20.85422,93.2733,42.58092,0,1,1
29,11,3,-12.346864,22.871101,104.47576,1,1,1
29,12,1,88.67978,-5.367036,31.687258,0,1,0
29,12,2,-23.411188,89.3156,49.095592,1,1,0
29,12,3,-6.2332993,28.423197,92.810104,1,0,0
29,13,1,92.54301,-6.627789,29.084782,1,1,1
29,13,2,-24.678299,88.6789,50.9994,1,1,1
29,13,3,-13.609068,26.754053,101.85501,0,1,0
29,14,1,94.22113,-2.46685,23.245722,0,0,0
29,14,2,-8.391433,86.981415,36.410015,1,0,1
29,14,3,2.3451521,17.502886,95.15196,1,1,0
29,15,1,90.55959,-0.86025953,25.300669,1,1,1
29,15,2,-19.522497,87.577415,46.94508,1,1,1
29,15,3,-7.7356877,34.53653,88.19916,1,1,0
29,16,1,94.189896,-3.8693683,24.67947,1,1,1
29,16,2,-22.29632,89.98435,47.311966,1,1,0
29,16,3,-12.871204,27.205458,100.66575,1,0,0
29,17,1,94.89788,-3.7653923,23.867514,1,0,1
29,17,2,3.9026725,63.78828,47.309048,1,1,1
29,17,3,4.853731,21.118593,89.02768,1,0,0
29,18,1,78.03456,3.0900283,33.87541,0,0,1
29,18,2,-3.134232,84.04402,34.09021,0,1,1
29,18,3,14.557498,20.750866,79.691635,1,0,0
29,19,1,90.01395,-0.7608575,25.746912,1,0,0
29,19,2,8.35899,63.57545,43.06556,1,1,1
29,19,3,8.1553955,18.05328,88.79133,0,1,0
29,20,1,97.7517,-18.851936,36.100235,1,0,1
29,20,2,7.001546,65.36421,42.634243,1,1,1
29,20,3,19.882929,-0.84865487,95.96573,1,1,0
29,21,1,72.31036,4.924284,37.765354,0,1,1
29,21,2,2.4112122,82.20225,30.386543,1,1,1
29,21,3,10.188966,19.688913,85.12212,0,1,1
29,22,1,96.217636,-4.1682425,22.950603,1,0,0
29,22,2,16.175154,88.36648,10.458367,0,1,1
29,22,3,17.907194,-19.5072,116.600006,1,1,1
29,23,1,96.83441,-19.254406,37.419994,1,0,1
29,23,2,19.759384,51.676605,43.56401,1,0,1
29,23,3,28.767742,-2.0696816,88.30194,0,1,0
29,24,1,93.7236,-22.442059,43.718456,1,1,1
29,24,2,8.34028,72.87057,33.78915,1,1,0
29,24,3,27.810547,0.6034769,86.585976,0,1,0
29,25,1,93.2809,-21.972443,43.691544,1,1,1
29,25,2,-0.9222324,80.8561,35.066128,1,1,1
29,25,3,25.0163,-11.41161,101.39531,1,1,0
29,26,1,89.56148,-0.8051662,26.24369,1,1,0
29,26,2,0.25512192,82.37553,32.36935,1,1,1
29,26,3,18.54336,22.374453,74.082184,1,1,0
29,27,1,58.522423,13.323626,43.15395,0,1,0
29,27,2,0.25512192,82.37553,32.36935,0,0,0
29,27,3,11.608273,10.720834,92.67089,0,1,0
29,28,1,87.80909,0.55529284,26.635618,1,1,0
29,28,2,0.25512192,82.37553,32.36935,1,1,1
29,28,3,10.360027,13.222589,91.41738,0,1,0
29,29,1,90.521484,-8.300903,32.779423,1,1,0
29,29,2,0.25512192,82.37553,32.36935,1,1,1
29,29,3,14.284188,2.1467495,98.56906,1,1,0
29,30,1,87.80909,0.55529284,26.635618,1,1,0
29,30,2,0.25512192,82.37553,32.36935,1,1,1
29,30,3,10.360027,13.222589,91.41738,0,1,0
29,31,1,94.66358,-31.784452,52.120872,1,0,1
29,31,2,0.25512192,82.37553,32.36935,1,1,1
29,31,3,39.76418,-15.198261,90.43408,1,0,0
29,32,1,91.993576,-18.411953,41.418373,1,0,0
29,32,2,0.25512192,82.37553,32.36935,1,1,1
29,32,3,23.011166,-7.8762736,99.86511,1,1,0
29,33,1,90.83358,-10.331952,34.49837,1,1,0
29,33,2,0.25512192,82.37553,32.36935,0,1,0
29,33,3,28.094551,12.207112,74.69833,1,1,0
31,2,1,95.58982,21.70509,-2.2949095,1,0,1
31,2,2,12.975,97.3,4.725,0,0,0
31,2,3,4.438671,20.188671,90.37266,1,0,0
31,3,1,99.49,21.255,-5.745,1,1,1
31,3,2,12.97875,104.605,-2.58375,0,1,0
31,3,3,19.39118,30.82868,64.78014,0,1,1
31,4,1,84.01788,28.451996,2.5301218,1,1,1
31,4,2,18.564688,102.76125,-6.3259373,0,0,1
31,4,3,14.67375,19.36125,80.965,0,1,1
31,5,1,103.80844,17.730547,-6.5389843,0,0,0
31,5,2,26.227936,95.97772,-7.2056584,1,1,1
31,5,3,23.962969,12.970781,78.06625,0,1,1
31,6,1,103.27711,25.35412,-13.63123,1,0,0
31,6,2,21.93955,98.311325,-5.250879,0,0,0
31,6,3,13.539726,26.24871,75.21156,1,0,1
31,7,1,100.569275,25.140287,-10.709565,1,0,1
31,7,2,17.142197,101.98074,-4.1229396,0,1,0
31,7,3,15.460122,22.229897,77.30998,0,1,1
31,8,1,101.35967,24.00269,-10.362362,1,0,0
31,8,2,23.432417,101.28018,-9.712603,1,1,1
31,8,3,19.1375,21.302357,74.56014,0,1,1
31,9,1,101.22992,27.423775,-13.653693,1,0,0
31,9,2,27.613716,92.94382,-5.5575323,0,1,0
31,9,3,17.053177,25.229385,72.71744,1,1,1
31,10,1,99.415596,26.082355,-10.497951,1,0,0
31,10,2,28.018541,84.63133,2.3501291,0,1,1
31,10,3,17.053177,25.229385,72.71744,1,1,1
31,11,1,78.239296,27.295506,9.465199,1,1,1
31,11,2,12.8157215,96.28697,5.89731,1,0,1
31,11,3,17.053177,25.229385,72.71744,0,0,0
31,12,1,95.9289,22.297379,-3.2262769,1,1,1
31,12,2,22.378391,95.156746,-2.5351334,1,0,0
31,12,3,19.706053,21.684027,73.609924,0,1,0
31,13,1,89.35339,21.80974,3.8368652,1,0,1
31,13,2,32.11492,90.40658,-7.521498,1,1,1
31,13,3,31.234438,8.886971,74.87859,0,1,1
31,14,1,90.517845,25.652197,-1.1700414,1,0,0
31,14,2,23.836395,92.407295,-1.243691,1,0,1
31,14,3,19.44562,21.529734,74.02465,1,1,1
31,15,1,100.25484,19.393106,-4.647943,1,1,1
31,15,2,28.274082,73.67403,13.051892,1,0,1
31,15,3,17.365162,21.588358,76.04648,1,0,1
31,16,1,96.0605,23.150421,-4.210925,0,0,0
31,16,2,21.968294,94.767876,-1.7361698,0,0,0
31,16,3,21.51016,27.464876,66.02496,1,1,1
31,17,1,101.065125,7.2998343,6.63504,1,1,0
31,17,2,16.739845,96.62197,1.6381865,1,1,1
31,17,3,25.796436,10.210658,78.992905,0,1,0
31,18,1,95.13656,19.996206,-0.13276362,1,0,0
31,18,2,20.556076,90.70049,3.7434323,0,0,0
31,18,3,15.822995,19.71378,79.46323,1,0,0
31,19,1,103.85999,13.03293,-1.8929261,1,0,1
31,19,2,18.730646,93.98221,2.2871435,0,1,0
31,19,3,33.705097,22.168135,59.12677,1,1,0
31,20,1,102.645195,12.836862,-0.48205873,1,0,0
31,20,2,23.35581,94.40408,-2.7598953,0,1,0
31,20,3,19.90197,11.930272,83.167755,1,0,1
31,21,1,102.14783,13.531203,-0.67903334,1,0,0
31,21,2,28.683699,82.85699,3.4593112,0,1,0
31,21,3,19.90197,11.930272,83.167755,0,0,1
32,2,1,101.02,4.89,9.09,0,0,0
32,2,2,23.965,92.12,-1.085,0,1,1
32,2,3,26.938671,-2.3113291,90.37266,0,1,1
32,3,1,105.25,11.25,-1.5,1,0,1
32,3,2,24.77375,89.265,0.96125,1,1,1
32,3,3,22.58875,11.52625,80.885,1,1,1
32,4,1,95.4225,0.1325,19.445,1,0,1
32,4,2,7.6934376,86.81625,20.490313,1,1,1
32,4,3,29.260733,22.745108,62.99416,1,1,1
32,5,1,93.44063,4.615625,16.94375,1,1,1
32,5,2,13.321796,89.42281,12.25539,0,1,0
32,5,3,14.933359,17.570078,82.49656,0,1,1
32,6,1,93.44063,4.615625,16.94375,0,0,0
32,6,2,13.6325,86.281876,15.085625,0,1,1
32,6,3,20.989613,13.6068,80.40359,1,0,1
32,7,1,69.533745,17.987032,27.47922,1,1,1
32,7,2,0.8225,89.40188,24.775625,1,1,1
32,7,3,7.1107955,19.392046,88.49716,0,1,1
32,8,1,92.23875,5.322031,17.439219,0,0,1
32,8,2,18.055977,85.643906,11.3001175,1,1,1
32,8,3,19.343712,10.958945,84.69734,0,0,1
32,9,1,94.48426,9.5379,10.977841,1,1,1
32,9,2,-3.5083985,90.61641,27.891993,0,1,1
32,9,3,6.410028,30.191767,78.39821,0,1,0
32,10,1,94.48426,9.5379,10.977841,0,0,0
32,10,2,12.330569,87.85778,14.811648,1,1,0
32,10,3,17.140495,17.341545,80.51796,0,1,1
32,11,1,93.46273,9.644049,11.893225,1,1,1
32,11,2,8.040569,88.93778,18.021648,1,0,0
32,11,3,12.228615,23.7389,79.032486,0,1,0
32,12,1,92.932724,8.596548,13.470724,1,1,1
32,12,2,14.402106,87.2624,13.335494,1,0,1
32,12,3,26.262974,27.44595,61.291077,1,1,0
32,13,1,94.22888,7.8294325,12.941686,1,0,0
32,13,2,18.771204,85.36796,10.860841,0,1,1
32,13,3,23.80949,11.074292,80.11622,1,0,1
32,14,1,94.407005,10.470839,10.122154,0,1,1
32,14,2,18.771204,85.36796,10.860841,0,1,0
32,14,3,23.62902,12.932886,78.438095,1,0,0
32,15,1,94.407005,10.470839,10.122154,0,0,0
32,15,2,16.721304,87.02347,11.255226,1,1,0
32,15,3,21.115448,15.475029,78.40952,1,1,0
32,16,1,94.08915,10.699232,10.211619,0,0,0
32,16,2,14.596304,87.52347,12.880226,1,0,0
32,16,3,28.78447,28.255121,57.96041,1,1,0
32,17,1,93.82415,9.987982,11.187869,1,1,1
32,17,2,10.328402,88.59401,16.077593,0,1,0
32,17,3,21.535086,28.72797,64.736946,1,1,0
32,18,1,93.82415,9.987982,11.187869,0,0,0
32,18,2,14.367793,87.593346,13.038858,0,1,0
32,18,3,17.765448,17.036457,80.1981,0,1,1
32,19,1,93.82415,9.987982,11.187869,1,1,1
32,19,2,5.8955894,89.53776,19.566654,0,1,1
32,19,3,8.785448,23.056458,83.1581,0,1,1
32,20,1,93.82415,9.987982,11.187869,1,1,1
32,20,2,16.228088,86.947754,11.824155,0,0,1
32,20,3,19.551327,15.7473345,79.70134,0,1,0
32,21,1,94.16022,9.780929,11.058851,0,0,0
32,21,2,17.025589,86.777756,11.196654,1,1,1
32,21,3,21.264465,14.61351,79.122025,1,1,0
32,22,1,94.02772,11.150304,9.821977,1,1,1
32,22,2,-10.754389,82.93818,42.81621,0,1,1
32,22,3,-15.559382,39.04393,91.51545,0,1,1
32,23,1,94.02772,11.150304,9.821977,0,0,0
32,23,2,17.64867,86.91365,10.437681,0,1,1
32,23,3,20.200163,15.32501,79.47483,0,1,0
32,24,1,98.7388,9.342522,6.9186807,0,0,0
32,24,2,14.66367,87.63365,12.702682,0,1,1
32,24,3,17.785503,18.564838,78.64966,0,1,0
32,25,1,98.7388,9.342522,6.9186807,1,1,1
32,25,2,6.134487,89.96589,18.89962,0,1,1
32,25,3,9.152473,25.205687,80.64184,0,1,1
32,26,1,98.7388,9.342522,6.9186807,1,0,0
32,26,2,18.324488,86.885895,9.78962,0,1,0
32,26,3,21.23742,15.990632,77.77195,1,1,0
34,2,1,102.04,13.98,-1.02,1,0,1
34,2,2,24.64,95.72,-5.36,0,0,1
34,2,3,25.43979,10.43979,79.12042,1,1,1
34,3,1,101.36,-10.055,23.695,0,1,1
34,3,2,11.805,87.64,15.555,1,1,0
34,3,3,36.5125,6.5125027,71.975,1,1,1
34,4,1,106.34525,1.9836236,6.6711235,1,0,0
34,4,2,18.646595,95.51931,0.83409464,1,1,1
34,4,3,22.445,-0.055,92.61,1,0,1
34,5,1,101.40375,19.337187,-5.7409377,0,1,1
34,5,2,21.96625,87.005,6.02875,1,1,1
34,5,3,18.119688,12.729062,84.15125,1,0,1
34,6,1,96.14918,21.993773,-3.142947,1,1,1
34,6,2,13.480469,95.65625,5.8632812,1,1,1
34,6,3,7.0735154,31.858671,76.06781,1,1,0
34,7,1,92.56399,30.268301,-7.832285,1,1,1
34,7,2,11.214414,100.159065,3.6265235,0,1,0
34,7,3,6.141582,33.021465,75.83695,1,1,1
34,8,1,92.051346,28.91146,-5.9628077,0,0,1
34,8,2,21.207705,97.88976,-4.0974708,1,1,0
34,8,3,16.085133,27.455982,71.458885,1,0,0
34,9,1,96.09683,36.20009,-17.29692,1,1,1
34,9,2,31.753893,98.618065,-15.371961,1,1,1
34,9,3,23.704342,38.018612,53.277046,1,1,1
34,10,1,97.95421,36.82791,-19.78212,0,1,0
34,10,2,31.230661,99.83436,-16.065023,1,1,0
34,10,3,21.52289,26.865679,66.611435,0,0,0
34,11,1,90.036934,26.561342,-1.5982764,1,0,0
34,11,2,19.52846,111.25989,-15.788351,1,1,0
34,11,3,25.93003,20.758617,68.31135,0,0,0
34,12,1,111.079994,20.789206,-16.869196,0,1,0
34,12,2,29.672335,108.60069,-23.273026,0,1,0
34,12,3,20.779524,18.72488,75.4956,1,1,1
34,13,1,87.4082,3.0146947,24.5771,1,0,1
34,13,2,0.26205635,95.09017,19.647768,0,1,1
34,13,3,18.257408,18.27883,78.46376,0,1,0
34,14,1,99.20888,-2.6261325,18.417257,1,0,1
34,14,2,-0.14843547,95.39214,19.756292,0,1,1
34,14,3,18.257408,18.27883,78.46376,1,1,0
35,2,1,101.78,7.36,5.86,1,0,1
35,2,2,36.069645,80.36071,-1.4303539,0,1,1
35,2,3,35.956764,-0.043237563,79.08647,0,0,1
35,3,1,103.07,21.9025,-9.9725,1,1,0
35,3,2,30.517773,91.839455,-7.357227,0,0,0
35,3,3,31.97,7.97,75.06,1,1,1
35,4,1,90.6849,2.6419265,21.673176,1,1,1
35,4,2,23.5575,85.51,5.9325,0,1,0
35,4,3,41.09512,-1.7486305,75.65351,1,1,1
35,5,1,107.500626,-9.246407,16.74578,1,0,0
35,5,2,23.615726,86.47167,4.912601,0,1,0
35,5,3,43.142345,-8.584219,80.44187,1,1,1
35,6,1,108.55281,-11.632849,18.080042,1,0,0
35,6,2,25.767454,82.88892,6.3436255,0,0,0
35,6,3,43.142345,-8.584219,80.44187,0,0,1
35,7,1,109.846725,-31.461203,36.61448,0,0,0
35,7,2,25.767454,82.88892,6.3436255,1,1,1
35,7,3,52.78869,-28.07508,90.28639,1,0,0
35,8,1,100.23006,-20.308144,35.078087,1,0,1
35,8,2,27.951366,83.521095,3.527539,1,1,1
35,8,3,48.51956,-22.154757,88.63519,1,1,1
35,9,1,108.650925,-6.356775,12.705847,1,0,0
35,9,2,39.19645,67.20732,8.59623,0,0,0
35,9,3,33.077713,2.4033976,79.51889,1,1,0
35,10,1,113.70273,-23.735628,25.032896,1,0,1
35,10,2,39.03726,61.2757,14.68704,1,1,1
35,10,3,57.704483,-19.513933,76.80945,1,1,1
35,11,1,111.20161,-10.897847,14.6962385,1,0,0
35,11,2,32.84164,82.68,-0.5216406,0,0,0
35,11,3,43.475693,1.5697784,69.95453,1,1,1
35,12,1,114.3654,-28.87553,29.510128,1,0,1
35,12,2,25.594221,83.46967,5.9361024,1,1,0
35,12,3,52.872128,-25.03705,87.164925,1,1,0
35,13,1,113.54766,-27.782385,29.234726,1,0,1
35,13,2,28.84164,82.68,3.4783595,0,0,0
35,13,3,52.899105,-14.083786,76.184685,1,1,1
35,14,1,117.626915,-33.890907,31.263994,1,0,1
35,14,2,29.566355,83.294655,2.1389923,0,1,1
35,14,3,51.22213,-24.68705,88.46492,0,0,0
35,15,1,106.58492,-24.329863,32.744938,1,0,1
35,15,2,32.84164,82.68,-0.5216406,1,1,1
35,15,3,51.064117,-23.861082,87.79696,0,1,1
35,16,1,102.335075,20.16205,-7.497129,1,1,0
35,16,2,42.202923,63.957436,8.839642,1,0,1
35,16,3,20.864372,29.205193,64.930435,1,1,0
35,17,1,93.28877,33.693626,-11.982397,1,1,1
35,17,2,19.480064,88.38631,7.133628,1,1,1
35,17,3,20.864372,29.205193,64.930435,0,0,0
35,18,1,93.897194,18.76231,2.3404968,1,1,1
35,18,2,30.970549,92.3927,-8.363252,1,1,0
35,18,3,26.094505,15.676902,73.22859,1,1,1
35,19,1,95.21798,13.882113,5.899905,0,1,1
35,19,2,26.61098,87.23789,1.1511258,1,0,1
35,19,3,33.300205,23.069048,58.63075,0,0,0
35,20,1,97.5945,10.231339,7.1741652,0,0,1
35,20,2,35.014637,67.52407,12.461296,1,0,1
35,20,3,35.104206,11.984795,67.911,1,1,1
35,21,1,100.390366,10.972372,3.6372612,1,0,1
35,21,2,35.56654,77.14233,2.2911353,1,0,0
35,21,3,35.104206,11.984795,67.911,0,0,0
35,22,1,103.56053,5.1142354,6.325237,1,0,1
35,22,2,31.428402,86.1686,-2.5970032,1,1,1
35,22,3,36.006653,-0.31664512,79.30999,0,1,1
35,23,1,101.40565,8.384939,5.2094126,1,0,1
35,23,2,44.293724,56.238934,14.467345,0,0,1
35,23,3,30.554255,9.043455,75.40229,1,1,1
35,24,1,221.78506,-50.85309,-55.93198,1,0,0
35,24,2,27.524479,85.324295,2.1512263,0,0,0
35,24,3,31.308374,10.847333,72.84429,0,1,0
35,25,1,98.032616,6.472719,10.494666,0,0,1
35,25,2,31.549608,76.2616,7.1887965,1,1,1
35,25,3,33.665016,6.8172545,74.51773,1,1,0
35,26,1,98.59571,8.641274,7.763012,0,0,1
35,26,2,27.737358,84.73277,2.5298657,0,0,0
35,26,3,30.469046,11.374394,73.15656,1,1,0
35,27,1,98.84893,5.464641,10.686431,0,0,1
35,27,2,26.121496,85.27622,3.6022818,0,1,0
35,27,3,33.625736,6.819414,74.55485,1,1,0
35,28,1,96.94179,5.0792522,12.978959,0,0,1
35,28,2,27.052538,84.59206,3.3554056,1,1,1
35,28,3,33.625736,6.819414,74.55485,0,0,0
35,29,1,-201.12413,500.79843,-184.67429,0,1,0
35,29,2,25.367538,84.21206,5.420406,1,1,1
35,29,3,-165.32571,505.74554,-225.41983,0,0,1
35,30,1,236.34135,-136.46515,15.12379,1,0,1
35,30,2,215.32571,-134.58017,34.254448,1,0,0
35,30,3,35.76328,2.7720494,76.46467,1,1,1
35,31,1,130.80446,8.357775,-24.162235,1,0,0
35,31,2,32.72948,85.2844,-3.0138786,1,1,1
35,31,3,62.142044,-11.130222,63.988182,1,1,0
35,32,1,110.53219,-3.207207,7.6750193,1,0,1
35,32,2,40.630665,78.802284,-4.4329524,0,0,0
35,32,3,37.15375,3.963464,73.88278,1,1,1
35,33,1,107.922935,-1.7273026,8.804365,1,0,1
35,33,2,32.13454,85.02404,-2.158582,1,1,1
35,33,3,43.603718,-3.166633,74.56291,1,1,1
35,34,1,-190.23413,499.0574,-193.82329,0,0,1
35,34,2,32.967033,83.754074,-1.7211062,1,0,1
35,34,3,-162.67671,505.74554,-228.06883,0,0,1
35,35,1,-50.0,369.82327,-204.82329,0,0,1
35,35,2,662.6767,-178.20654,-369.47018,0,1,1
35,35,3,287.32327,451.97018,-624.29346,1,1,1
35,36,1,-344.3819,89.91172,369.47018,1,1,1
35,36,2,442.81332,81.873276,-409.68658,1,1,1
35,36,3,133.54762,-92.07056,73.522934,1,1,1
35,37,1,91.26529,507.59903,-483.86432,0,0,0
35,37,2,9.452168,69.588425,35.959408,1,1,1
35,37,3,41.87498,433.86038,-360.73535,0,1,1
35,38,1,94.22358,42.387295,-21.610874,0,1,1
35,38,2,8.125021,-327.0,433.87497,0,0,1
35,38,3,55.95435,-442.54382,501.58948,1,1,1
35,39,1,139.01042,-213.18748,35.37681,1,1,1
35,39,2,86.06159,-193.43794,-12.249542,1,0,0
35,39,3,41.874092,-10.499557,83.625465,1,1,1
35,40,1,106.948235,-15.209227,23.260996,1,1,1
35,40,2,85.593414,-97.18716,30.188404,1,0,0
35,40,3,72.12319,-106.59374,122.42851,1,1,1
35,41,1,128.07162,-57.122654,44.05103,1,0,1
35,41,2,86.06159,-59.16443,25.867556,1,0,0
35,41,3,48.418056,-29.57269,96.15463,1,1,1
35,42,1,111.008255,-21.508755,25.5005,1,0,0
35,42,2,38.516354,84.36,-7.8763533,0,1,1
35,42,3,48.418056,-29.57269,96.15463,0,0,1
35,43,1,112.514565,3.725584,-1.2401481,1,1,0
35,43,2,38.516354,84.36,-7.8763533,1,1,1
35,43,3,48.082245,-14.383488,81.30124,0,1,1
35,44,1,117.37078,3.9304814,-6.301262,1,1,1
35,44,2,43.353188,82.2925,-10.645689,1,1,1
35,44,3,42.198437,-12.767293,85.568855,1,0,1
35,45,1,115.497696,10.130296,-10.627991,1,0,0
35,45,2,46.271187,86.006996,-17.278181,0,1,0
35,45,3,40.253105,3.0613227,71.68557,1,0,1
35,46,1,111.67339,14.264191,-10.937583,1,1,0
35,46,2,43.17293,87.76002,-15.932951,0,1,1
35,46,3,40.253105,3.0613227,71.68557,0,0,0
35,47,1,115.36123,15.308647,-15.669877,1,1,0
35,47,2,43.497932,87.86002,-16.35795,1,1,1
35,47,3,46.822514,12.103979,56.07351,1,1,1
35,48,1,110.152794,20.565773,-15.718564,1,1,0
35,48,2,41.767086,87.70339,-14.470483,1,1,1
35,48,3,36.39111,8.985076,69.62381,1,0,1
35,49,1,106.8782,22.664843,-14.543041,1,1,0
35,49,2,38.856148,87.94714,-11.803295,1,1,1
35,49,3,34.1184,11.366943,69.514656,1,0,1
35,50,1,105.33298,22.572012,-12.904985,1,1,0
35,50,2,37.38797,88.21986,-10.607828,0,1,0
35,50,3,41.758717,20.40179,52.839493,1,1,1
35,51,1,104.73888,21.918377,-11.657253,1,1,0
35,51,2,36.177288,88.04259,-9.219879,0,1,1
35,51,3,41.758717,20.40179,52.839493,1,1,1
35,52,1,95.047066,26.014282,-6.061348,0,1,0
35,52,2,35.527287,87.84259,-8.369879,0,1,1
35,52,3,41.758717,20.40179,52.839493,1,1,1
35,53,1,107.0576,19.259016,-11.316615,1,1,0
35,53,2,37.72288,81.9514,-4.6742845,0,0,1
35,53,3,41.758717,20.40179,52.839493,0,0,0
35,54,1,103.571815,20.251907,-8.823723,1,1,0
35,54,2,34.23729,87.42259,-6.659879,0,1,1
35,54,3,41.758717,20.40179,52.839493,0,0,0
35,55,1,103.01182,19.031908,-7.0437226,1,1,0
35,55,2,32.937286,87.02259,-4.959879,0,1,1
35,55,3,41.758717,20.40179,52.839493,0,0,0
35,56,1,102.73181,18.421907,-6.1537223,1,1,0
35,56,2,32.28729,86.82259,-4.109879,0,1,1
35,56,3,41.758717,20.40179,52.839493,0,0,0
35,57,1,102.31181,17.506907,-4.8187222,1,1,0
35,57,2,31.302288,86.54259,-2.844879,0,1,1
35,57,3,41.758717,20.40179,52.839493,0,0,0
35,58,1,101.91181,16.581907,-3.4937224,1,1,0
35,58,2,32.345505,82.20616,0.44833586,0,0,1
35,58,3,41.758717,20.40179,52.839493,0,0,0
35,59,1,101.63181,15.971908,-2.6037226,1,1,0
35,59,2,29.667288,86.06259,-0.729879,0,1,1
35,59,3,41.758717,20.40179,52.839493,0,0,0
35,60,1,101.51182,15.656907,-2.1687224,1,1,0
35,60,2,29.332289,85.98259,-0.314879,0,1,1
35,60,3,41.758717,20.40179,52.839493,0,0,0
35,61,1,101.23181,15.046907,-1.2787225,1,1,0
35,61,2,28.672289,85.80259,0.525121,0,1,1
35,61,3,41.758717,20.40179,52.839493,0,0,0
35,62,1,100.97182,14.426908,-0.39872247,1,1,0
35,62,2,29.54103,82.56511,2.8938634,0,0,1
35,62,3,41.758717,20.40179,52.839493,0,0,0
35,63,1,100.31181,12.881907,1.8062775,1,1,0
35,63,2,26.347288,85.20259,3.450121,0,1,1
35,63,3,41.758717,20.40179,52.839493,0,0,0
35,64,1,85.78048,18.272575,10.946945,0,1,1
35,64,2,24.672289,84.80259,5.525121,0,0,1
35,64,3,41.758717,20.40179,52.839493,0,0,0
35,65,1,99.15333,9.711152,6.1355224,0,0,1
35,65,2,22.987288,84.42259,7.590121,0,0,1
35,65,3,41.758717,20.40179,52.839493,0,0,0
35,66,1,97.851814,6.6119075,10.536278,0,0,1
35,66,2,19.587288,83.72259,11.690121,0,0,1
35,66,3,41.758717,20.40179,52.839493,0,0,0
35,67,1,96.171814,1.8269074,17.001278,0,0,1
35,67,2,19.046366,73.554436,22.399199,0,0,1
35,67,3,41.758717,20.40179,52.839493,1,1,1
35,68,1,102.31181,17.506907,-4.8187222,1,1,0
35,68,2,31.302288,86.54259,-2.844879,0,1,1
35,68,3,41.758717,20.40179,52.839493,0,0,0
37,2,1,97.04,16.48,1.48,0,0,1
37,2,2,15.071795,99.85641,0.07179534,0,0,0
37,2,3,23.389427,23.389427,68.221146,0,0,1
37,3,1,100.7,10.9,3.4,0,0,0
37,3,2,14.915,96.42,3.665,1,1,0
37,3,3,18.135,14.385,82.48,1,1,1
37,4,1,99.1706,8.852199,6.9771986,1,1,1
37,4,2,9.26875,95.525,10.20625,1,0,0
37,4,3,13.20625,16.01875,85.775,0,0,1
37,5,1,99.15375,5.4621873,10.384063,1,1,1
37,5,2,13.389375,93.3775,8.233125,1,1,1
37,5,3,16.838526,10.041651,88.11982,0,0,1
37,6,1,98.686874,10.207344,6.105781,1,0,1
37,6,2,17.370546,91.215935,6.4135156,0,1,1
37,6,3,20.131172,10.111641,84.75719,0,1,1
37,7,1,114.970924,2.1942258,-2.1651492,1,0,0
37,7,2,19.110645,91.55898,4.330371,1,1,1
37,7,3,27.457888,18.61902,68.92309,1,0,1
37,8,1,99.89043,12.047461,3.0621095,1,0,0
37,8,2,10.207508,109.07009,-4.2776,0,0,0
37,8,3,20.12938,13.7097025,81.16092,1,0,1
37,9,1,100.04761,9.984375,4.9680176,1,0,0
37,9,2,12.839072,102.45216,-0.29123798,1,1,1
37,9,3,21.571276,11.4753895,81.95334,0,1,1
37,10,1,99.9669,10.520852,4.512246,1,0,0
37,10,2,18.8061,91.437164,4.756738,1,1,1
37,10,3,23.160236,15.6530485,76.186714,1,0,1
37,11,1,99.24172,12.821909,2.9363654,1,0,1
37,11,2,18.042164,92.317856,4.639977,1,1,1
37,11,3,19.380743,14.643794,80.975464,1,0,1
37,12,1,98.710434,13.727939,2.5616295,1,1,1
37,12,2,20.34996,92.2057,2.4443367,0,1,0
37,12,3,20.872648,14.743486,79.383865,1,1,1
37,13,1,98.63432,12.841966,3.5237088,1,1,0
37,13,2,21.072437,93.67899,0.24856979,0,1,0
37,13,3,21.029762,11.470793,82.49944,0,1,1
37,14,1,111.39025,6.0352783,-2.425526,0,0,0
37,14,2,22.779474,90.660355,1.5601685,0,1,1
37,14,3,25.820967,15.799984,73.37905,0,0,0
37,15,1,95.6242,18.025192,1.3506107,0,0,1
37,15,2,24.440178,91.74009,-1.1802679,0,1,0
37,15,3,24.45013,14.135506,76.41436,1,1,1
37,16,1,85.59801,19.25158,10.15041,1,0,0
37,16,2,20.06372,92.86986,2.0664194,0,1,0
37,16,3,21.847118,15.8359375,77.31694,0,0,0
37,17,1,100.53476,16.071138,-1.6058936,1,0,0
37,17,2,22.846571,93.7283,-1.5748703,0,1,0
37,17,3,21.847118,15.8359375,77.31694,0,0,1
52,2,1,109.42,20.29,-14.71,1,0,0
52,2,2,31.42848,87.14304,-3.5715206,0,1,0
52,2,3,17.957256,17.957256,79.08549,1,1,1
52,3,1,104.11611,19.191944,-8.308056,1,1,0
52,3,2,18.76,104.98,-8.74,0,1,0
52,3,3,17.957256,17.957256,79.08549,1,1,1
52,4,1,106.34,14.33,-5.67,0,1,0
52,4,2,15.4975,102.13,-2.6275,0,1,0
52,4,3,22.551193,20.676193,71.77261,1,1,1
52,5,1,90.6849,18.173176,6.1419263,0,1,0
52,5,2,12.328125,99.1875,3.484375,1,1,0
52,5,3,18.6525,15.2775,81.07,1,1,1
52,6,1,100.350624,6.133281,8.516094,1,1,0
52,6,2,7.199844,96.95187,10.848281,0,1,0
52,6,3,15.318435,19.86531,79.81625,1,1,1
52,7,1,98.13156,4.483047,12.38539,1,1,0
52,7,2,4.0398045,93.937965,17.022226,1,1,0
52,7,3,14.618086,11.811445,88.570465,1,1,1
52,8,1,94.42789,2.6874218,17.884687,1,0,0
52,8,2,4.185791,90.35449,20.459717,1,1,1
52,8,3,9.671182,14.691201,90.63762,1,1,1
52,9,1,77.20279,15.616869,22.180346,1,0,0
52,9,2,-0.41587645,90.101166,25.314714,0,1,0
52,9,3,3.0152419,23.858137,88.12662,1,1,1
52,10,1,87.14312,12.624559,15.232317,1,1,1
52,10,2,-2.7542403,90.822174,26.93207,0,1,1
52,10,3,3.0152419,23.858137,88.12662,0,0,1
52,11,1,87.14312,12.624559,15.232317,0,0,0
52,11,2,1.3374529,91.46243,22.200115,0,1,0
52,11,3,14.167757,28.8343,71.99795,1,1,1
52,12,1,91.310234,13.51896,10.170806,1,1,1
52,12,2,-11.552092,97.260605,29.291483,1,0,1
52,12,3,-10.2303505,33.461193,91.76916,1,1,0
52,13,1,94.0247,10.843647,10.131655,1,1,1
52,13,2,-4.9029994,99.72015,20.182848,0,1,1
52,13,3,-1.7465175,24.301414,92.44511,0,0,0
52,14,1,98.24382,30.38912,-13.632937,1,1,0
52,14,2,40.0723,79.80295,-4.8752494,1,1,0
52,14,3,14.292175,13.241634,87.46619,0,1,1
52,15,1,96.59766,20.934124,-2.5317783,1,1,0
52,15,2,27.261503,98.417625,-10.679129,1,1,0
52,15,3,14.292175,13.241634,87.46619,0,0,1
53,2,1,103.32,8.015,3.665,1,1,1
53,2,2,37.1275,91.37,-13.4975,0,1,1
53,2,3,38.92583,-7.3491697,83.42334,0,0,1
53,3,1,109.0475,16.054375,-10.101875,1,1,0
53,3,2,37.39875,91.915,-14.31375,1,1,1
53,3,3,50.436886,1.7431365,62.819977,1,1,1
53,4,1,107.052444,10.163621,-2.2160666,1,1,0
53,4,2,35.33953,83.83188,-4.1714063,0,0,1
53,4,3,35.292187,8.826563,70.88125,1,0,1
53,5,1,101.44172,-10.152696,23.710976,1,0,1
53,5,2,22.919765,76.86437,15.215859,1,1,1
53,5,3,55.517,9.601763,49.88124,1,0,0
53,6,1,98.58043,-11.379131,27.7987,0,0,1
53,6,2,22.182325,83.20166,9.616016,1,1,1
53,6,3,33.473263,3.0097852,78.51695,1,1,1
53,7,1,107.99587,29.407228,-22.4031,1,1,0
53,7,2,51.187744,92.2375,-28.425243,1,0,1
53,7,3,28.215462,11.536385,75.24815,1,1,1
53,8,1,100.61546,12.938635,1.4459039,1,1,0
53,8,2,26.741365,85.524536,2.734096,1,1,1
53,8,3,34.7425,8.9175,71.34,0,1,0
53,9,1,91.063866,-10.759149,34.695282,0,0,1
53,9,2,7.702349,69.63905,37.6586,1,1,1
53,9,3,27.31784,14.903524,72.77863,1,1,1
53,10,1,92.17097,7.993196,14.835837,0,0,1
53,10,2,26.02446,85.89216,3.083381,1,1,1
53,10,3,20.16328,13.739843,81.09688,0,0,1
53,11,1,96.862305,13.009694,5.128004,0,1,0
53,11,2,26.02446,85.89216,3.083381,1,1,1
53,11,3,29.661116,11.513346,73.82554,1,1,0
53,12,1,97.39558,12.401376,5.2030487,0,1,0
53,12,2,26.98778,85.39889,2.6133363,1,1,1
53,12,3,29.346115,11.948345,73.705536,1,1,1
53,13,1,83.16719,23.16349,8.669322,0,1,1
53,13,2,28.51653,85.903885,0.5795863,1,1,0
53,13,3,28.381985,13.625874,72.99214,0,0,1
53,14,1,98.852646,13.141074,3.0062816,0,1,0
53,14,2,28.51653,85.903885,0.5795863,0,1,0
53,14,3,31.216633,10.319897,73.46347,1,0,1
54,2,1,97.81869,14.215658,2.965658,0,0,0
54,2,2,5.8877277,65.72455,43.387726,0,1,1
54,2,3,-6.899106,41.850895,80.04821,1,1,1
54,3,1,91.525,22.51875,0.95625,1,1,1
54,3,2,-28.89376,107.16252,36.73124,0,0,0
54,3,3,-31.44125,55.74625,90.695,0,1,0
54,4,1,78.95522,39.30364,-3.2588618,1,1,0
54,4,2,23.573141,80.61935,10.807515,1,0,1
54,4,3,9.034335,33.48746,72.4782,1,1,1
54,5,1,65.59496,44.85291,4.552128,1,1,1
54,5,2,-3.6132174,93.75378,24.85944,0,0,1
54,5,3,-20.394688,58.058437,77.33625,1,1,0
54,6,1,90.39449,53.078144,-28.472637,0,1,1
54,6,2,4.8894334,116.683044,-6.5724807,1,1,0
54,6,3,-4.951543,46.686153,73.26539,0,1,1
54,7,1,91.4937,49.176613,-25.670311,1,0,0
54,7,2,6.978444,113.24638,-5.2248273,1,0,0
54,7,3,-17.202793,61.022404,71.18039,1,0,1
54,8,1,88.185394,53.7792,-26.964596,1,1,1
54,8,2,-2.670468,125.14733,-7.4768643,0,1,0
54,8,3,-17.202793,61.022404,71.18039,0,0,1
54,9,1,88.185394,53.7792,-26.964596,0,1,1
54,9,2,19.992073,118.3955,-23.387577,1,1,0
54,9,3,4.2923255,43.540775,67.1669,1,1,1
54,10,1,65.04315,60.47823,-10.521381,0,1,1
54,10,2,28.39998,111.323875,-24.723856,1,0,0
54,10,3,4.2923255,43.540775,67.1669,0,0,1
55,2,1,89.897606,-1.2113043,26.313696,1,1,0
55,2,2,-3.6782048,99.85641,18.821795,1,1,0
55,2,3,23.752394,18.727394,72.52021,1,0,0
55,3,1,95.36,-6.755,26.395,1,1,1
55,3,2,7.043125,87.2825,20.674376,0,1,1
55,3,3,17.22153,-4.809719,102.58819,0,0,1
55,4,1,96.09563,-5.3767185,24.281094,1,0,0
55,4,2,17.597725,80.51705,16.885223,0,1,1
55,4,3,31.092552,-9.037136,92.94459,1,1,1
55,5,1,102.158905,-9.756601,22.597694,1,0,0
55,5,2,21.64254,82.45985,10.897617,0,1,1
55,5,3,32.62219,-7.3434377,89.72125,0,0,1
55,6,1,102.8427,-6.9694433,19.126747,1,0,0
55,6,2,21.64254,82.45985,10.897617,1,1,1
55,6,3,33.243134,-5.4805956,87.23746,0,0,1
55,7,1,101.4827,-2.5394433,16.056747,1,1,1
55,7,2,21.64254,82.45985,10.897617,1,1,1
55,7,3,30.293135,-0.9305957,85.63746,1,0,1
55,8,1,99.05567,3.537312,12.407014,0,1,0
55,8,2,26.407276,77.34233,11.250391,1,1,1
55,8,3,28.405457,5.320178,81.27437,0,1,1
55,9,1,98.98969,5.996798,10.01351,1,1,1
55,9,2,-10.386875,93.7978,31.589077,0,1,1
55,9,3,-9.256243,32.30157,91.95467,1,1,1
55,10,1,91.280464,15.199105,8.520431,1,1,1
55,10,2,7.8684597,90.869446,16.26209,0,1,1
55,10,3,26.071655,10.778257,78.150085,1,1,1
55,11,1,77.807816,20.454027,16.738155,0,0,1
55,11,2,23.687828,87.36736,3.9448097,0,1,1
55,11,3,25.440887,12.821334,76.73778,1,1,1
55,12,1,97.31872,9.731076,7.9502096,1,1,0
55,12,2,21.366007,86.85184,6.7821517,0,1,0
55,12,3,26.49867,11.991884,76.509445,1,0,1
55,13,1,97.31872,9.731076,7.9502096,1,0,0
55,13,2,21.64538,86.55934,6.795276,0,1,0
55,13,3,27.049297,11.30876,76.641945,1,0,1
73,2,1,93.46,-16.98,38.52,1,1,1
73,2,2,10.135,83.48,21.385,1,1,1
73,2,3,44.45754,0.20753899,70.33492,1,0,1
73,3,1,95.44,3.5925,15.9675,1,1,1
73,3,2,7.326372,79.53475,28.138872,1,0,1
73,3,3,6.053351,14.49085,94.455795,1,1,1
73,4,1,81.01014,12.448056,21.541807,1,1,1
73,4,2,4.6740627,86.94875,23.377188,1,1,0
73,4,3,10.052188,19.661562,85.28625,1,1,1
73,5,1,90.590935,10.804141,13.604922,0,0,0
73,5,2,9.436016,87.70219,17.861797,1,1,0
73,5,3,13.8308935,20.51058,80.65852,1,0,1
73,6,1,88.92018,11.648309,14.431512,1,1,1
73,6,2,10.49766,66.13456,38.36778,1,0,1
73,6,3,-1.7631445,28.989784,87.77336,1,1,1
73,7,1,82.46701,16.38405,16.148943,1,1,1
73,7,2,-5.662085,93.56514,27.096949,0,1,1
73,7,3,4.262642,30.894966,79.84239,1,0,1
73,8,1,85.76746,14.593747,14.638791,0,0,1
73,8,2,19.262205,87.12628,8.61151,1,1,0
73,8,3,25.118397,11.630299,78.251305,1,1,1
73,9,1,92.058624,9.433112,13.508262,0,1,1
73,9,2,28.652096,84.30657,2.0413327,1,0,1
73,9,3,25.133453,11.575318,78.29123,1,1,1
73,10,1,96.73555,13.3888035,4.8756466,0,1,1
73,10,2,30.188847,82.00058,2.8105738,1,0,0
73,10,3,33.985546,8.571594,72.44286,1,1,1
73,11,1,98.78389,12.853597,3.3625162,0,1,1
73,11,2,32.601364,83.889496,-1.4908625,1,0,0
73,11,3,34.12961,8.523778,72.34661,1,1,0
75,2,1,100.92,2.69,11.39,1,0,0
75,2,2,9.64,95.72,9.64,0,1,0
75,2,3,16.975899,8.275899,89.7482,1,1,1
75,3,1,104.13224,-3.7536209,14.621379,1,0,0
75,3,2,13.598188,82.47862,18.92319,1,1,1
75,3,3,16.975899,8.275899,89.7482,0,0,0
75,4,1,101.6925,5.650625,7.656875,1,0,0
75,4,2,13.7825,95.61,5.6075,0,1,1
75,4,3,18.446564,15.277814,81.27562,1,0,1
75,5,1,102.22813,7.0117188,5.760156,1,0,0
75,5,2,11.788906,95.96438,7.246719,1,1,0
75,5,3,15.398519,9.604769,89.99671,0,0,1
75,6,1,101.60453,7.244414,6.151055,1,0,0
75,6,2,11.788906,95.96438,7.246719,1,1,1
75,6,3,14.792227,10.65668,89.551094,1,1,1
75,7,1,96.47944,6.311109,12.209449,0,1,0
75,7,2,8.928057,94.42777,11.64417,1,1,0
75,7,3,14.492853,11.1073065,89.39984,0,0,0
75,8,1,99.50528,6.984651,8.510066,1,0,1
75,8,2,9.405308,91.81119,13.783506,1,1,1
75,8,3,17.63815,20.592592,76.76926,0,0,1
75,9,1,99.05633,7.751369,8.192306,1,0,0
75,9,2,9.334776,95.29548,10.369743,0,1,1
75,9,3,10.319305,14.032501,90.64819,1,0,0
75,10,1,98.83408,10.667738,5.498181,1,0,0
75,10,2,8.847118,96.74611,9.406772,0,1,0
75,10,3,14.483034,18.110422,82.40655,0,0,0
75,11,1,110.92147,6.1133184,-2.034787,1,0,0
75,11,2,10.076393,97.30901,7.6145935,0,1,0
75,11,3,14.483034,18.110422,82.40655,0,0,0
75,12,1,99.471176,12.213464,3.3153586,1,0,0
75,12,2,10.371393,97.46902,7.1595936,0,1,0
75,12,3,14.483034,18.110422,82.40655,0,0,0
75,13,1,68.26807,29.202518,17.529413,1,0,0
75,13,2,19.762913,81.460976,13.776113,0,1,0
75,13,3,14.483034,18.110422,82.40655,1,1,1
75,14,1,98.611176,10.018464,6.3703585,1,0,0
75,14,2,8.2563925,96.44901,10.294594,1,1,1
75,14,3,14.483034,18.110422,82.40655,0,0,1
75,15,1,98.25279,10.822251,5.9249544,1,0,0
75,15,2,8.2563925,96.44901,10.294594,1,1,1
75,15,3,11.337667,16.715864,86.94647,0,0,0
75,16,1,98.268196,13.283401,3.4484012,1,0,0
75,16,2,9.125244,97.27361,8.601147,0,1,0
75,16,3,9.106845,15.985041,89.90811,1,0,1
75,17,1,98.088196,13.5234,3.3884013,1,0,1
75,17,2,8.790244,97.49361,8.716146,0,1,0
75,17,3,9.106845,15.985041,89.90811,1,1,1
75,18,1,97.9882,13.2734,3.7384012,1,0,0
75,18,2,9.587899,98.9634,6.4486985,0,1,0
75,18,3,9.314151,18.35745,87.3284,1,1,1
75,19,1,97.26075,12.370262,5.3689876,1,1,0
75,19,2,7.9260373,98.67085,8.403112,0,1,0
75,19,3,9.314151,18.35745,87.3284,0,0,0
75,20,1,72.62462,25.063328,17.312054,1,1,1
75,20,2,8.52089,98.197716,8.281397,0,1,0
75,20,3,9.904297,17.414165,87.68153,1,1,1
76,2,1,99.65,15.8125,-0.4625,1,1,1
76,2,2,2.5134563,110.04809,2.4384563,0,1,0
76,2,3,4.44,20.64,89.92,0,0,1
76,3,1,99.65,15.8125,-0.4625,1,0,1
76,3,2,42.890625,90.8125,-18.703125,1,1,0
76,3,3,31.579086,-5.602163,89.02308,0,0,1
76,4,1,99.65,15.8125,-0.4625,1,1,1
76,4,2,28.83625,86.165,-0.00125,1,1,0
76,4,3,31.49625,-5.44125,88.945,0,0,1
76,5,1,99.65,15.8125,-0.4625,0,0,0
76,5,2,49.86766,76.783424,-11.651088,1,1,0
76,5,3,38.029373,0.923125,76.0475,0,0,1
76,6,1,99.65,15.8125,-0.4625,1,1,1
76,6,2,42.890625,90.8125,-18.703125,1,1,0
76,6,3,31.579086,-5.602163,89.02308,0,0,1
76,7,1,99.65,15.8125,-0.4625,0,0,0
76,7,2,49.86766,76.783424,-11.651088,1,1,0
76,7,3,38.029373,0.923125,76.0475,0,0,1
76,8,1,99.65,15.8125,-0.4625,1,1,1
76,8,2,45.065624,90.2125,-20.278126,1,1,0
76,8,3,40.266876,-0.664375,75.3975,1,0,1
76,9,1,99.65,15.8125,-0.4625,0,0,0
76,9,2,31.905624,94.0325,-10.938125,1,1,0
76,9,3,26.88113,8.449881,79.66899,0,0,1
76,10,1,99.65,15.8125,-0.4625,1,1,1
76,10,2,22.995625,96.8525,-4.848125,0,1,0
76,10,3,28.28016,24.84891,61.87093,0,0,1
76,11,1,99.65,15.8125,-0.4625,1,1,1
76,11,2,23.038124,96.8425,-4.880625,0,1,0
76,11,3,22.578402,19.072151,73.34945,0,0,1
76,12,1,99.65,15.8125,-0.4625,1,1,1
76,12,2,25.230625,96.1325,-6.363125,0,1,0
76,12,3,21.12659,13.94534,79.92807,0,0,1
76,13,1,99.65,15.8125,-0.4625,1,1,1
76,13,2,25.273125,96.1225,-6.395625,0,1,0
76,13,3,21.972477,14.716227,78.311295,0,0,1
76,14,1,99.65,15.8125,-0.4625,1,1,1
76,14,2,32.35889,85.62597,-2.9848611,1,1,0
76,14,3,23.725245,12.793995,78.48076,0,0,1
76,15,1,99.65,15.8125,-0.4625,0,0,0
76,15,2,36.315624,92.7125,-14.028125,1,1,0
76,15,3,31.466875,5.535625,77.9975,0,0,1
76,16,1,99.65,15.8125,-0.4625,0,0,0
76,16,2,36.368126,92.6825,-14.050625,1,1,0
76,16,3,31.509375,5.503125,77.9875,0,0,1
76,17,1,99.65,15.8125,-0.4625,1,1,1
76,17,2,42.890625,90.8125,-18.703125,1,1,0
76,17,3,31.579086,-5.602163,89.02308,0,0,1
76,18,1,99.65,15.8125,-0.4625,0,1,1
76,18,2,36.315624,92.7125,-14.028125,1,1,0
76,18,3,31.466875,5.535625,77.9975,0,0,1
77,2,1,92.30111,-17.413054,40.111946,0,0,1
77,2,2,16.16,82.68,16.16,1,1,1
77,2,3,51.293056,-6.231944,69.93889,1,1,0
77,3,1,96.2175,-14.674375,33.456875,0,0,1
77,3,2,30.333195,68.71486,15.951944,0,0,1
77,3,3,35.955,2.205,76.84,0,1,0
77,4,1,91.554375,9.301719,14.143907,0,1,1
77,4,2,29.56109,64.315315,21.12359,0,0,1
77,4,3,26.137594,22.542282,66.32012,0,1,0
77,5,1,88.40931,13.900619,12.690072,0,1,1
77,5,2,16.680586,82.53766,15.781757,0,0,1
77,5,3,23.020985,20.91161,71.067406,0,1,0
77,6,1,88.17002,13.263669,13.566306,0,1,1
77,6,2,31.265558,52.996227,30.738214,0,0,1
77,6,3,21.887646,21.66294,71.44942,1,1,0
77,7,1,87.43266,13.585915,13.981422,0,1,1
77,7,2,31.265558,52.996227,30.738214,1,0,1
77,7,3,21.824081,21.692245,71.48367,1,1,0
90,2,1,94.94,2.53,17.53,0,1,1
90,2,2,28.180315,84.889366,1.930316,1,1,1
90,2,3,39.035,-2.215,78.18,1,1,1
90,3,1,114.67963,7.660185,-7.339815,0,1,0
90,3,2,45.00875,84.045,-14.05375,1,0,1
90,3,3,39.26875,2.70625,73.025,1,1,1
90,4,1,109.2075,3.08375,2.70875,0,1,1
90,4,2,38.429688,83.28125,-6.7109375,1,1,1
90,4,3,46.646572,-9.369052,77.72248,0,1,1
90,5,1,100.20187,-7.0853124,21.883438,0,0,1
90,5,2,28.511793,71.98032,14.507887,1,0,1
90,5,3,41.002422,3.4672656,70.53031,0,1,0
90,6,1,94.610466,-5.8716407,26.261171,0,0,1
90,6,2,23.509445,77.3649,14.125657,1,0,1
90,6,3,35.44451,5.6935353,73.86195,0,1,0
90,7,1,93.47262,-4.907207,26.43459,1,1,1
90,7,2,20.805538,80.82667,13.367794,1,1,1
90,7,3,34.602028,6.006079,74.39189,0,1,0
90,8,1,93.22315,-4.8813524,26.658197,1,1,1
90,8,2,5.311087,92.44136,17.24755,1,1,1
90,8,3,36.22825,11.533364,67.23839,0,1,0
90,9,1,77.85738,6.4923897,30.650227,0,0,0
90,9,2,-26.639622,147.81807,-6.178455,1,1,1
90,9,3,17.18847,16.037699,81.773834,0,1,0
90,10,1,92.43057,4.833222,17.736206,0,1,0
90,10,2,13.656964,81.9343,19.408731,1,0,0
90,10,3,23.187883,14.763715,77.0484,1,1,1
90,11,1,64.78362,30.836195,19.380178,0,1,1
90,11,2,40.28356,55.813175,18.903265,1,0,1
90,11,3,24.26455,14.976745,75.758705,0,0,0
90,12,1,90.75198,13.994063,10.253956,0,1,1
90,12,2,38.42656,52.243088,24.330353,1,0,1
90,12,3,24.26455,14.976745,75.758705,1,1,0
108,2,1,102.696556,3.039223,9.264223,0,1,1
108,2,2,37.104725,98.31555,-20.420275,0,1,1
108,2,3,48.135,-15.615,82.48,1,1,1
108,3,1,120.6225,-5.464375,-0.158125,1,1,0
108,3,2,50.22125,82.995,-18.21625,0,1,1
108,3,3,56.094376,-14.536875,73.4425,1,1,1
108,4,1,109.1148,-6.706619,12.591819,0,0,1
108,4,2,43.733685,77.613884,-6.347566,1,1,1
108,4,3,56.835155,-14.100781,72.265625,0,0,0
108,5,1,111.17395,6.4311876,-2.6051407,0,1,0
108,5,2,51.681774,80.54388,-17.225647,1,0,0
108,5,3,47.45469,-4.6421876,72.1875,1,0,1
108,6,1,119.67785,-0.23760742,-4.440244,1,1,0
108,6,2,48.11167,82.97431,-16.085983,1,1,0
108,6,3,56.916416,-14.137002,72.22059,1,1,1
108,7,1,117.29944,-10.63169,8.332251,1,0,1
108,7,2,56.55186,52.08307,6.3650694,1,1,1
108,7,3,55.435135,-12.94084,72.50571,0,1,1
108,8,1,112.85989,-5.2882757,7.428381,0,0,1
108,8,2,56.55186,52.08307,6.3650694,1,0,1
108,8,3,48.751495,-6.3717656,72.62027,0,1,1
109,2,1,105.37415,4.812923,4.812923,1,0,0
109,2,2,10.135,83.48,21.385,0,0,1
109,2,3,15.363823,26.613823,73.022354,0,1,0
109,3,1,90.09,12.455,12.455,0,1,1
109,3,2,13.039027,74.85944,27.101528,0,0,1
109,3,3,13.23125,27.29375,74.475,0,1,0
109,4,1,64.89416,25.05292,25.05292,1,1,1
109,4,2,7.9028125,84.42875,22.668438,1,1,1
109,4,3,12.655936,27.42156,74.9225,1,1,0
109,5,1,86.79952,12.137346,16.063128,0,1,0
109,5,2,2.5431461,87.64809,24.808771,0,0,1
109,5,3,8.919903,27.61131,78.46879,0,0,0
109,6,1,103.23326,-26.43841,38.205147,1,1,1
109,6,2,-23.886103,82.11791,56.768192,1,0,1
109,6,3,11.410371,27.245333,76.3443,1,0,0
109,7,1,-45.372314,40.20874,120.163574,1,1,1
109,7,2,-34.411755,88.70388,60.707874,0,0,1
109,7,3,3.1264982,18.379185,93.494316,1,1,0
109,8,1,-50.238647,42.70874,122.52991,0,0,0
109,8,2,-67.464226,75.981,106.48322,0,1,0
109,8,3,-48.646984,45.144215,118.50277,1,1,0
109,9,1,105.37415,-12.478336,22.104183,1,1,1
109,9,2,-37.703568,83.9931,68.710464,1,0,1
109,9,3,34.733566,8.319535,71.9469,1,0,0
109,10,1,80.555504,-27.850136,62.294632,0,1,1
109,10,2,-27.1402,84.73827,57.401924,0,0,1
109,10,3,-3.0109253,26.884705,91.12622,0,1,0
109,11,1,-49.859436,43.723907,121.13553,0,1,0
109,11,2,-41.217335,84.92457,71.29276,1,1,0
109,11,3,-2.162947,15.186392,101.976555,1,0,0
109,12,1,-41.863426,39.587334,117.27609,0,0,0
109,12,2,-38.080692,84.971146,68.10955,1,1,1
109,12,3,1.7424049,16.415592,96.842,1,1,0
109,13,1,-45.0,38.087334,121.91267,0,1,1
109,13,2,-33.084618,82.409706,65.674904,0,0,1
109,13,3,-6.3634605,2.3770154,118.98644,1,1,0
109,14,1,-49.027214,38.087334,125.93988,1,0,1
109,14,2,-33.084618,82.409706,65.674904,1,1,1
109,14,3,3.3806915,16.148382,95.470924,1,1,0
109,15,1,-45.277214,30.587336,129.68988,0,0,1
109,15,2,-38.086037,82.371605,70.71443,1,0,0
109,15,3,10.166966,16.643711,88.18932,1,1,0
109,16,1,-45.0,40.087334,119.91267,0,1,1
109,16,2,-45.357033,94.10109,66.255936,1,0,1
109,16,3,4.349632,17.23666,93.413704,1,1,0
109,17,1,-54.740578,43.087334,126.653244,0,1,0
109,17,2,-45.357033,94.10109,66.255936,1,1,0
109,17,3,-4.927016,20.70059,99.226425,1,1,0
109,18,1,-45.0,40.087334,119.91267,0,1,0
109,18,2,-41.651684,90.57456,66.077126,0,0,1
109,18,3,-0.81145173,15.959737,99.851715,1,1,0
109,19,1,-45.0,40.087334,119.91267,0,1,1
109,19,2,-36.25056,80.70746,70.543106,1,0,0
109,19,3,-1.0907949,16.615538,99.47526,1,1,0
109,20,1,-45.0,40.487335,119.512665,0,1,1
109,20,2,-36.25056,80.70746,70.543106,1,0,1
109,20,3,-3.6512604,14.455072,104.19619,1,1,0
